doi,n_detected,trn_detected,registry,source,pmid
10.1080/17453674.2018.1429108,1,NCT02924961,ClinicalTrials.gov,ft,29448880
10.1080/17453674.2019.1605692,1,ISRCTN04081530,ISRCTN,ft,31017513
10.1097/mpg.0000000000002360,1,NCT02536560,ClinicalTrials.gov,ft,31058782
10.1177/0269216319843629,1,DRKS00011753,DRKS,ft,31023150
